UserHandle,First Name,Last Name,email
57bd72d4-7115-11e9-a923-1681be663d3e,Lucie,Smith,Lucie-Clark@gmail.com
57bd773e-7115-11e9-a923-1681be663d3e,Nancy,Johnson,Nancy-Johnson@gmail.com
57bd78d8-7115-11e9-a923-1681be663d3e,Rebekah,Williams,RebekahWilliams@gmail.com
57bd7a86-7115-11e9-a923-1681be663d3e,Maria,Brown,Maria-Brown@gmail.com
57bd7c48-7115-11e9-a923-1681be663d3e,Jamie,Jones,Jamie-Jones@gmail.com
57bd7dba-7115-11e9-a923-1681be663d3e,Ashley,Miller,Ashley-Miller@gmail.com
57bd8102-7115-11e9-a923-1681be663d3e,Rhonda,Davis,Rhonda-Davis@gmail.com
57bd82ce-7115-11e9-a923-1681be663d3e,Haleema,Garcia,Haleema-Garcia@gmail.com
57bd8436-7115-11e9-a923-1681be663d3e,Poppy,Rodriguez,Poppy-Rodriguez@gmail.com
57bd858a-7115-11e9-a923-1681be663d3e,Adrian,Wilson,Adrian-Wilson@gmail.com
57bd8724-7115-11e9-a923-1681be663d3e,Gertrude,Martinez,Gertrude-Martinez@gmail.com
57bd8b02-7115-11e9-a923-1681be663d3e,Hollie,Anderson,Hollie-Anderson@gmail.com
57bd8cd8-7115-11e9-a923-1681be663d3e,Elle,Taylor,Elle-Taylor@gmail.com
57bd8e54-7115-11e9-a923-1681be663d3e,Fern,Thomas,Fern-Thomas@gmail.com
57bd8fda-7115-11e9-a923-1681be663d3e,Olive,Hernandez,Olive-Hernandez@gmail.com
57bd914c-7115-11e9-a923-1681be663d3e,Sharon,Moore,Sharon-Moore@gmail.com
57bd9d9a-7115-11e9-a923-1681be663d3e,Ruth,Martin,Ruth-Martin@gmail.com
57bd9f2a-7115-11e9-a923-1681be663d3e,Lana,Jackson,Lana-Jackson@gmail.com
57bda060-7115-11e9-a923-1681be663d3e,Fleur,Thompson,Fleur-Thompson@gmail.com
57bda1a0-7115-11e9-a923-1681be663d3e,Bethan,White,Bethan-White@gmail.com
57bda2d6-7115-11e9-a923-1681be663d3e,Troy,Lopez,Troy-Lopez@gmail.com
57bda416-7115-11e9-a923-1681be663d3e,Hanna,Lee,Hanna-Lee@gmail.com
57bda754-7115-11e9-a923-1681be663d3e,Alessandra,Gonzalez,Alessandra-Gonzalez@gmail.com
57bda8bc-7115-11e9-a923-1681be663d3e,Blaze,Harris,Blaze-Harris@gmail.com
57bdaa24-7115-11e9-a923-1681be663d3e,Bobby,Clark,Bobby-Clark@gmail.com
57bdab6e-7115-11e9-a923-1681be663d3e,Kingston,Lewis,Kingston-Lewis@gmail.com
57bdacae-7115-11e9-a923-1681be663d3e,Brody,Robinson,Brody-Robinson@gmail.com
57bdadda-7115-11e9-a923-1681be663d3e,Rebekah,Walker,Rebekah-Walker@gmail.com
57bdb118-7115-11e9-a923-1681be663d3e,Myla,Perez,Myla-Perez@gmail.com
57bdb276-7115-11e9-a923-1681be663d3e,Kylan,Hall,Kylan-Hall@gmail.com
57bdb3ac-7115-11e9-a923-1681be663d3e,Carlos,Young,Carlos-Young@gmail.com
57bdb514-7115-11e9-a923-1681be663d3e,Brody,Allen,Brody-Allen@gmail.com
57bdb65e-7115-11e9-a923-1681be663d3e,Layne,Sanchez,Layne-Sanchez@gmail.com
57bdb79e-7115-11e9-a923-1681be663d3e,Angelina,Wright,Angelina-Wright@gmail.com
57bdba0a-7115-11e9-a923-1681be663d3e,Guillermo,King,Guillermo-King@gmail.com
57bdbdca-7115-11e9-a923-1681be663d3e,Emmy,Scott,Emmy-Scott@gmail.com
57bdbf82-7115-11e9-a923-1681be663d3e,Daniela,Green,Daniela-Green@gmail.com
57bdc0fe-7115-11e9-a923-1681be663d3e,Luciano,Baker,Luciano-Baker@gmail.com
57bdc23e-7115-11e9-a923-1681be663d3e,Camila,Adams,Camila-Adams@gmail.com
57bdc37e-7115-11e9-a923-1681be663d3e,Ally,Nelson,Ally-Nelson@gmail.com
57bdc4b4-7115-11e9-a923-1681be663d3e,Leonidas,Hill,Leonidas-Hill@gmail.com
57bdc5ea-7115-11e9-a923-1681be663d3e,Paxton,Ramirez,Paxton-Ramirez@gmail.com
57bdc8f6-7115-11e9-a923-1681be663d3e,Miley,Campbell,Miley-Campbell@gmail.com
57bdca54-7115-11e9-a923-1681be663d3e,Arturo,Mitchell,Arturo-Mitchell@gmail.com
57bdcbbc-7115-11e9-a923-1681be663d3e,Marlee,Roberts,Marlee-Roberts@gmail.com
57bdcd06-7115-11e9-a923-1681be663d3e,Waylon,Carter,Waylon-Carter@gmail.com
57bdce32-7115-11e9-a923-1681be663d3e,Conor,Phillips,Conor-Phillips@gmail.com
57bdcfa4-7115-11e9-a923-1681be663d3e,Bobby,Evans,Fern-Evans@gmail.com
57bdd292-7115-11e9-a923-1681be663d3e,Adrian,Turner,Lana-Turner@gmail.com
57bdd3e6-7115-11e9-a923-1681be663d3e,Elle,Torres,Rhonda-Torres@gmail.com
57bdd51c-7115-11e9-a923-1681be663d3e,Hanna,Parker,Jamie-Parker@gmail.com
57bdd648-7115-11e9-a923-1681be663d3e,Alessandra,Collins,Kingston-Collins@gmail.com
57bdd774-7115-11e9-a923-1681be663d3e,Ashley,Edward,Maria-Edward@gmail.com
57bdda94-7115-11e9-a923-1681be663d3e,Troy,Stewart,Miley-Stewart@gmail.com
57bddbe8-7115-11e9-a923-1681be663d3e,Ally,Flores,Brody-Flores@gmail.com
57bddd1e-7115-11e9-a923-1681be663d3e,Layne,Morris,Fern-Morris@gmail.com
57bdde4a-7115-11e9-a923-1681be663d3e,Daniela,Murphy,Rebekah-Murphy@gmail.com
57bddf80-7115-11e9-a923-1681be663d3e,Adrian,Rivera,Ruth-Rivera@gmail.com
57bde0ac-7115-11e9-a923-1681be663d3e,Hanna,Cook,Kingston-Cook@gmail.com
57bde23c-7115-11e9-a923-1681be663d3e,Angelina,Rogers,Ally-Rogers@gmail.com
57bde5b6-7115-11e9-a923-1681be663d3e,Blaze,Morgan,Rhonda-Morgan@gmail.com
57bde728-7115-11e9-a923-1681be663d3e,Hanna,Peterson,Olive-Peterson@gmail.com
57bde8cc-7115-11e9-a923-1681be663d3e,Lana,Cooper,Angelina-Cooper@gmail.com
57bdea16-7115-11e9-a923-1681be663d3e,Blaze,Reed,Fern-Reed@gmail.com
57bdeb4c-7115-11e9-a923-1681be663d3e,Leonidas,Baily,Blaze-Baily@gmail.com
57bdec8c-7115-11e9-a923-1681be663d3e,Daniela,Bell,Angelina-Bell@gmail.com
57bdf056-7115-11e9-a923-1681be663d3e,Arturo,Gomez,Bethan-Gomez@gmail.com
57bdf1d2-7115-11e9-a923-1681be663d3e,Elle,Kelly,Lana-Kelly@gmail.com
57bdf31c-7115-11e9-a923-1681be663d3e,Hanna,Howard,Rebekah-Howard@gmail.com
57bdf4a2-7115-11e9-a923-1681be663d3e,Hanna,ward,Kingston-ward@gmail.com
57bdf5ec-7115-11e9-a923-1681be663d3e,Blaze,cox,Lana-cox@gmail.com
57bdf77c-7115-11e9-a923-1681be663d3e,Adrian,Diaz,Waylon-Diaz@gmail.com
57bdf8c6-7115-11e9-a923-1681be663d3e,Hanna,Richardson,Kingston-Richardson@gmail.com
57bdfcb8-7115-11e9-a923-1681be663d3e,Bobby,Wood,Olive-Wood@gmail.com
57bdfe3e-7115-11e9-a923-1681be663d3e,Blaze,Watson,Bethan-Watson@gmail.com
57be0000-7115-11e9-a923-1681be663d3e,Kylan,Brooks,Camila-Brooks@gmail.com
57be0154-7115-11e9-a923-1681be663d3e,Arturo,Bennett,Miley-Bennett@gmail.com
57be0280-7115-11e9-a923-1681be663d3e,Ally,Gray,Bethan-Gray@gmail.com
57be03b6-7115-11e9-a923-1681be663d3e,Daniela,James,Angelina-James@gmail.com
57be051e-7115-11e9-a923-1681be663d3e,Leonidas,Reyes,Blaze-Reyes@gmail.com
57be088e-7115-11e9-a923-1681be663d3e,Daniela,Cruz,Luciano-Cruz@gmail.com
57be0a46-7115-11e9-a923-1681be663d3e,Angelina,Hughes,Maria-Hughes@gmail.com
57be0b90-7115-11e9-a923-1681be663d3e,Adrian,Price,Bethan-Price@gmail.com
57be0cc6-7115-11e9-a923-1681be663d3e,Hanna,Myers,Ally-Myers@gmail.com
57be0e38-7115-11e9-a923-1681be663d3e,Elle,Long,Kingston-Long@gmail.com
57be0f78-7115-11e9-a923-1681be663d3e,Leonidas,Foster,Kingston-Foster@gmail.com
57be18d8-7115-11e9-a923-1681be663d3e,Daniela,Sanders,Bethan-Sanders@gmail.com
57be1cc0-7115-11e9-a923-1681be663d3e,Daniela,Ross,Kingston-Ross@gmail.com
57be1e14-7115-11e9-a923-1681be663d3e,Adrian,Norakes,Ally-Norakes@gmail.com
57be1f40-7115-11e9-a923-1681be663d3e,Angelina,Kelly,Kingston-Hughes@gmail.com
57be206c-7115-11e9-a923-1681be663d3e,Marlee,Turner,Ally-Stewart@gmail.com
57be2198-7115-11e9-a923-1681be663d3e,Kylan,Torres,Angelina-cox@gmail.com
57be22e2-7115-11e9-a923-1681be663d3e,Conor,Richardson,Ally-Richardson@gmail.com
57be262a-7115-11e9-a923-1681be663d3e,Ally,Diaz,Lana-Richardson@gmail.com
57be277e-7115-11e9-a923-1681be663d3e,Marlee,Cooper,Marlee-Cook@gmail.com
57be28b4-7115-11e9-a923-1681be663d3e,Blaze,Cooper,Lana-Flores@gmail.com
57be29e0-7115-11e9-a923-1681be663d3e,Blaze,Roberts,Bethan-Cruz@gmail.com
57be2b0c-7115-11e9-a923-1681be663d3e,Lana,Howard,Marlee-Norakes@gmail.com
57be2c38-7115-11e9-a923-1681be663d3e,Adrian,Morris,Ruth-Reyes@gmail.com
57be2d6e-7115-11e9-a923-1681be663d3e,Conor,Gray,Fern-Howard@gmail.com
57be3098-7115-11e9-a923-1681be663d3e,Blaze,Roberts,Miley-Roberts@gmail.com
57be31ec-7115-11e9-a923-1681be663d3e,Leonidas,Morgan,Blaze-Foster@gmail.com
57be3318-7115-11e9-a923-1681be663d3e,Ally,Reyes,Lana-Foster@gmail.com
57be3444-7115-11e9-a923-1681be663d3e,Blaze,Morgan,Lana-Foster@gmail.com
57be357a-7115-11e9-a923-1681be663d3e,Ally,Kelly,Lana-Ross@gmail.com
57be38b8-7115-11e9-a923-1681be663d3e,Adrian,Myers,Brody-Price@gmail.com
57be3a02-7115-11e9-a923-1681be663d3e,Adrian,Turner,Angelina-Long@gmail.com
57be3caa-7115-11e9-a923-1681be663d3e,Angelina,Carter,Bethan-Parker@gmail.com
57be3dfe-7115-11e9-a923-1681be663d3e,Arturo,Bell,Maria-Morgan@gmail.com
57be3f2a-7115-11e9-a923-1681be663d3e,Ally,Turner,Lana-Price@gmail.com
57be4074-7115-11e9-a923-1681be663d3e,Adrian,cox,Fern-Bennett@gmail.com
57be41aa-7115-11e9-a923-1681be663d3e,Blaze,Rivera,Blaze-Richardson@gmail.com
57be44ca-7115-11e9-a923-1681be663d3e,Leonidas,Hughes,Rhonda-Edward@gmail.com
57be4614-7115-11e9-a923-1681be663d3e,Leonidas,cox,Kingston-ward@gmail.com
57be474a-7115-11e9-a923-1681be663d3e,Elle,Foster,Kingston-Roberts@gmail.com
57be4876-7115-11e9-a923-1681be663d3e,Ally,Norakes,Bethan-Morgan@gmail.com
57be49a2-7115-11e9-a923-1681be663d3e,Conor,Flores,Kingston-Diaz@gmail.com
57be4ace-7115-11e9-a923-1681be663d3e,Blaze,Ross,Kingston-Myers@gmail.com
57be4df8-7115-11e9-a923-1681be663d3e,Lana,Morgan,Lana-Cruz@gmail.com
57be4f4c-7115-11e9-a923-1681be663d3e,Daniela,Myers,Ally-Cook@gmail.com
57be5078-7115-11e9-a923-1681be663d3e,Arturo,Carter,Kingston-Peterson@gmail.com
57be51a4-7115-11e9-a923-1681be663d3e,Daniela,Mitchell,Lana-Evans@gmail.com
57be52d0-7115-11e9-a923-1681be663d3e,Angelina,Howard,Lana-James@gmail.com
57be53fc-7115-11e9-a923-1681be663d3e,Adrian,Richardson,Bethan-Stewart@gmail.com
57be571c-7115-11e9-a923-1681be663d3e,Hanna,Edward,Angelina-Edward@gmail.com
57be58ca-7115-11e9-a923-1681be663d3e,Conor,Myers,Kingston-Wood@gmail.com
57be5a1e-7115-11e9-a923-1681be663d3e,Lana,Campbell,Miley-James@gmail.com
57be5b7c-7115-11e9-a923-1681be663d3e,Adrian,Reyes,Kingston-Torres@gmail.com
57be5d0c-7115-11e9-a923-1681be663d3e,Adrian,Phillips,Lana-Ross@gmail.com
57be619e-7115-11e9-a923-1681be663d3e,Blaze,Ross,Kingston-Phillips@gmail.com
57be650e-7115-11e9-a923-1681be663d3e,Blaze,Brooks,Bethan-Howard@gmail.com
57be6662-7115-11e9-a923-1681be663d3e,Adrian,Roberts,Lana-Stewart@gmail.com
57be6798-7115-11e9-a923-1681be663d3e,Adrian,Stewart,Blaze-Mitchell@gmail.com
57be6928-7115-11e9-a923-1681be663d3e,Angelina,Campbell,Blaze-Gomez@gmail.com
57be6a72-7115-11e9-a923-1681be663d3e,Adrian,Phillips,Bethan-Cooper@gmail.com
57be6b9e-7115-11e9-a923-1681be663d3e,Conor,Mitchell,Angelina-Phillips@gmail.com
57be6e32-7115-11e9-a923-1681be663d3e,Conor,Baily,Miley-Bell@gmail.com
57be6f72-7115-11e9-a923-1681be663d3e,Adrian,Rogers,Fern-Reyes@gmail.com
57be709e-7115-11e9-a923-1681be663d3e,Angelina,Diaz,Bethan-Kelly@gmail.com
57be71c0-7115-11e9-a923-1681be663d3e,Leonidas,Turner,Kingston-Hughes@gmail.com
57be72e2-7115-11e9-a923-1681be663d3e,Blaze,Campbell,Lana-Foster@gmail.com
57be75da-7115-11e9-a923-1681be663d3e,Conor,Campbell,Lana-Gomez@gmail.com
57be7742-7115-11e9-a923-1681be663d3e,Daniela,Diaz,Ally-Kelly@gmail.com
57be7878-7115-11e9-a923-1681be663d3e,Ally,James,Kingston-Campbell@gmail.com
57be79a4-7115-11e9-a923-1681be663d3e,Arturo,Watson,Ally-James@gmail.com
57be7ac6-7115-11e9-a923-1681be663d3e,Daniela,Diaz,Kingston-Collins@gmail.com
57be7c42-7115-11e9-a923-1681be663d3e,Lana,Parker,Ruth-Hughes@gmail.com
57be7f44-7115-11e9-a923-1681be663d3e,Leonidas,Brooks,Lana-Cook@gmail.com
57be80ac-7115-11e9-a923-1681be663d3e,Adrian,Reyes,Blaze-Brooks@gmail.com
57be81e2-7115-11e9-a923-1681be663d3e,Conor,Turner,Kingston-Murphy@gmail.com
57be830e-7115-11e9-a923-1681be663d3e,Blaze,Bennett,Kingston-Cooper@gmail.com
57be8430-7115-11e9-a923-1681be663d3e,Daniela,Rogers,Blaze-Richardson@gmail.com
57be855c-7115-11e9-a923-1681be663d3e,Conor,Gray,Lana-James@gmail.com
57be88b8-7115-11e9-a923-1681be663d3e,Ally,Rivera,Bethan-Norakes@gmail.com
57be8a02-7115-11e9-a923-1681be663d3e,Leonidas,Rivera,Miley-cox@gmail.com
57be8b2e-7115-11e9-a923-1681be663d3e,Blaze,Flores,Lana-Morgan@gmail.com
57be8c5a-7115-11e9-a923-1681be663d3e,Angelina,Rivera,Lana-Edward@gmail.com
57be8d86-7115-11e9-a923-1681be663d3e,Adrian,Gomez,Lana-Mitchell@gmail.com
57be8eb2-7115-11e9-a923-1681be663d3e,Blaze,Diaz,Ally-James@gmail.com
57be8fde-7115-11e9-a923-1681be663d3e,Conor,Gray,Bethan-Howard@gmail.com
57be93bc-7115-11e9-a923-1681be663d3e,Ally,Campbell,Lana-Campbell@gmail.com
57be9510-7115-11e9-a923-1681be663d3e,Lana,Rogers,Blaze-Carter@gmail.com
57be9646-7115-11e9-a923-1681be663d3e,Angelina,Edward,Lana-Stewart@gmail.com
57be9772-7115-11e9-a923-1681be663d3e,Conor,Myers,Angelina-Richardson@gmail.com
57be989e-7115-11e9-a923-1681be663d3e,Adrian,Cooper,Kingston-Long@gmail.com
57be99d4-7115-11e9-a923-1681be663d3e,Conor,Bell,Bethan-Bell@gmail.com
57be9b00-7115-11e9-a923-1681be663d3e,Conor,Rivera,Bethan-Baily@gmail.com
57be9e2a-7115-11e9-a923-1681be663d3e,Conor,Morris,Kingston-Baily@gmail.com
57bea046-7115-11e9-a923-1681be663d3e,Adrian,Foster,Kingston-Price@gmail.com
57bea1b8-7115-11e9-a923-1681be663d3e,Blaze,Morgan,Fern-Flores@gmail.com
57bea334-7115-11e9-a923-1681be663d3e,Leonidas,Myers,Bethan-Richardson@gmail.com
57bea474-7115-11e9-a923-1681be663d3e,Elle,Evans,Ally-Murphy@gmail.com
57bea5f0-7115-11e9-a923-1681be663d3e,Adrian,Norakes,Blaze-Rogers@gmail.com
57bea956-7115-11e9-a923-1681be663d3e,Adrian,Morgan,Lana-Diaz@gmail.com
57beaaaa-7115-11e9-a923-1681be663d3e,Adrian,Roberts,Blaze-Bennett@gmail.com
57beac30-7115-11e9-a923-1681be663d3e,Blaze,Cook,Kingston-Morris@gmail.com
57bead70-7115-11e9-a923-1681be663d3e,Daniela,Cooper,Ruth-Norakes@gmail.com
57beaea6-7115-11e9-a923-1681be663d3e,Conor,Flores,Bethan-Gray@gmail.com
57beafd2-7115-11e9-a923-1681be663d3e,Adrian,Turner,Kingston-Reyes@gmail.com
57beb108-7115-11e9-a923-1681be663d3e,Leonidas,James,Bethan-Collins@gmail.com
57beb40a-7115-11e9-a923-1681be663d3e,Blaze,Hughes,Bethan-Hughes@gmail.com
57beb55e-7115-11e9-a923-1681be663d3e,Conor,Wood,Kingston-Edward@gmail.com
57beb694-7115-11e9-a923-1681be663d3e,Blaze,Bell,Ally-Wood@gmail.com
57beb7c0-7115-11e9-a923-1681be663d3e,Adrian,Kelly,Bethan-Diaz@gmail.com
57beb8ec-7115-11e9-a923-1681be663d3e,Adrian,James,Kingston-cox@gmail.com
57beba22-7115-11e9-a923-1681be663d3e,Lana,Flores,Bethan-Reed@gmail.com
57bebb4e-7115-11e9-a923-1681be663d3e,Angelina,Price,Kingston-Parker@gmail.com
57bebfae-7115-11e9-a923-1681be663d3e,Daniela,Mitchell,Bethan-Cooper@gmail.com
57bec120-7115-11e9-a923-1681be663d3e,Adrian,Torres,Kingston-Cooper@gmail.com
57bec314-7115-11e9-a923-1681be663d3e,Adrian,Norakes,Bethan-Sanders@gmail.com
57bec4fe-7115-11e9-a923-1681be663d3e,Leonidas,Myers,Angelina-Roberts@gmail.com
57bec684-7115-11e9-a923-1681be663d3e,Leonidas,Gray,Kingston-Watson@gmail.com
57bec80a-7115-11e9-a923-1681be663d3e,Conor,Gray,Bethan-Cook@gmail.com
57becca6-7115-11e9-a923-1681be663d3e,Conor,Rogers,Ruth-Carter@gmail.com
57bed32c-7115-11e9-a923-1681be663d3e,Adrian,Torres,Angelina-Hughes@gmail.com
57bed57a-7115-11e9-a923-1681be663d3e,Daniela,Ross,Kingston-Norakes@gmail.com
57bed6d8-7115-11e9-a923-1681be663d3e,Angelina,Turner,Lana-Torres@gmail.com
57bed8f4-7115-11e9-a923-1681be663d3e,Lana,Parker,Angelina-Gomez@gmail.com
57beda48-7115-11e9-a923-1681be663d3e,Conor,Price,Bethan-Stewart@gmail.com
57bedb7e-7115-11e9-a923-1681be663d3e,Adrian,Rogers,Bethan-Cruz@gmail.com
57bedea8-7115-11e9-a923-1681be663d3e,Adrian,Roberts,Lana-Morgan@gmail.com
57bedfe8-7115-11e9-a923-1681be663d3e,Adrian,Wood,Kingston-Bell@gmail.com
57bee114-7115-11e9-a923-1681be663d3e,Leonidas,Reyes,Ally-Campbell@gmail.com
57bee240-7115-11e9-a923-1681be663d3e,Lana,Foster,Ruth-Evans@gmail.com
57bee394-7115-11e9-a923-1681be663d3e,Adrian,Phillips,Kingston-Cooper@gmail.com
57bee4ca-7115-11e9-a923-1681be663d3e,Conor,Sanders,Kingston-Baily@gmail.com
57bee7a4-7115-11e9-a923-1681be663d3e,Daniela,Reed,Kingston-Mitchell@gmail.com
57bee8ee-7115-11e9-a923-1681be663d3e,Adrian,Campbell,Bethan-Gomez@gmail.com
57beea1a-7115-11e9-a923-1681be663d3e,Conor,ward,Kingston-Hughes@gmail.com
57beeb46-7115-11e9-a923-1681be663d3e,Adrian,Parker,Kingston-Parker@gmail.com
57beec68-7115-11e9-a923-1681be663d3e,Adrian,Hughes,Ally-Roberts@gmail.com
57beed8a-7115-11e9-a923-1681be663d3e,Conor,Long,Bethan-Campbell@gmail.com
57bef0be-7115-11e9-a923-1681be663d3e,Angelina,Torres,Bethan-Ross@gmail.com
57bef1fe-7115-11e9-a923-1681be663d3e,Daniela,Murphy,Bethan-Rogers@gmail.com
57bef686-7115-11e9-a923-1681be663d3e,Leonidas,Collins,Bethan-Turner@gmail.com
57bef82a-7115-11e9-a923-1681be663d3e,Leonidas,Hughes,Bethan-Torres@gmail.com
57bef960-7115-11e9-a923-1681be663d3e,Adrian,Mitchell,Bethan-Brooks@gmail.com
57befadc-7115-11e9-a923-1681be663d3e,Angelina,Myers,Kingston-Price@gmail.com
57befeb0-7115-11e9-a923-1681be663d3e,Angelina,Parker,Ally-Reed@gmail.com
57bf0090-7115-11e9-a923-1681be663d3e,Adrian,Flores,Bethan-Wood@gmail.com
57bf020c-7115-11e9-a923-1681be663d3e,Lana,Brooks,Ruth-Diaz@gmail.com
57bf0338-7115-11e9-a923-1681be663d3e,Angelina,Reyes,Kingston-Murphy@gmail.com
57bf0478-7115-11e9-a923-1681be663d3e,Leonidas,Diaz,Angelina-Carter@gmail.com
57bf05ae-7115-11e9-a923-1681be663d3e,Leonidas,Myers,Kingston-Morgan@gmail.com
57bf0888-7115-11e9-a923-1681be663d3e,Lana,Gray,Bethan-Hughes@gmail.com
57bf09e6-7115-11e9-a923-1681be663d3e,Conor,Long,Bethan-Collins@gmail.com
57bf0b1c-7115-11e9-a923-1681be663d3e,Adrian,Phillips,Kingston-Cooper@gmail.com
57bf0c52-7115-11e9-a923-1681be663d3e,Adrian,Parker,Kingston-Carter@gmail.com
57bf0d7e-7115-11e9-a923-1681be663d3e,Daniela,Foster,Ruth-Parker@gmail.com
57bf0eaa-7115-11e9-a923-1681be663d3e,Adrian,Stewart,Angelina-Howard@gmail.com
57bf1198-7115-11e9-a923-1681be663d3e,Adrian,Wood,Kingston-Murphy@gmail.com
57bf12ec-7115-11e9-a923-1681be663d3e,Angelina,Parker,Kingston-Richardson@gmail.com
57bf1418-7115-11e9-a923-1681be663d3e,Adrian,Howard,Ruth-James@gmail.com
57bf1544-7115-11e9-a923-1681be663d3e,Adrian,Price,Kingston-Bennett@gmail.com
57bf1670-7115-11e9-a923-1681be663d3e,Daniela,Baily,Ally-Cooper@gmail.com
57bf179c-7115-11e9-a923-1681be663d3e,Angelina,Myers,Kingston-Edward@gmail.com
57bf1b20-7115-11e9-a923-1681be663d3e,Angelina,Long,Ruth-Morris@gmail.com
57bf1c88-7115-11e9-a923-1681be663d3e,Adrian,Norakes,Kingston-Brooks@gmail.com
57bf1dbe-7115-11e9-a923-1681be663d3e,Adrian,Reed,Ruth-Campbell@gmail.com
57bf1ef4-7115-11e9-a923-1681be663d3e,Leonidas,Stewart,Kingston-Edward@gmail.com
57bf202a-7115-11e9-a923-1681be663d3e,Adrian,Mitchell,Ruth-Evans@gmail.com
57bf2160-7115-11e9-a923-1681be663d3e,Daniela,Cook,Ruth-Baily@gmail.com
57bf2296-7115-11e9-a923-1681be663d3e,Daniela,Cooper,Lana-Brooks@gmail.com
57bf25e8-7115-11e9-a923-1681be663d3e,Leonidas,Roberts,Angelina-Long@gmail.com
57bf273c-7115-11e9-a923-1681be663d3e,Daniela,Ross,Kingston-Ross@gmail.com
57bf2872-7115-11e9-a923-1681be663d3e,Leonidas,Bell,Ruth-Kelly@gmail.com
57bf2a84-7115-11e9-a923-1681be663d3e,Lana,Foster,Ruth-Ross@gmail.com
57bf2bce-7115-11e9-a923-1681be663d3e,Adrian,Mitchell,Bethan-Baily@gmail.com
57bf2cfa-7115-11e9-a923-1681be663d3e,Angelina,Bennett,Kingston-Parker@gmail.com
57bf30ba-7115-11e9-a923-1681be663d3e,Daniela,Roberts,Ruth-Murphy@gmail.com
57bf3240-7115-11e9-a923-1681be663d3e,Angelina,Cooper,Bethan-Collins@gmail.com
57bf3376-7115-11e9-a923-1681be663d3e,Leonidas,Campbell,Kingston-Myers@gmail.com
57bf34ac-7115-11e9-a923-1681be663d3e,Conor,Roberts,Angelina-Phillips@gmail.com
57bf37fe-7115-11e9-a923-1681be663d3e,Angelina,Sanders,Bethan-Morris@gmail.com
57bf398e-7115-11e9-a923-1681be663d3e,Adrian,Cook,Angelina-Rogers@gmail.com
57bf3ace-7115-11e9-a923-1681be663d3e,Lana,Rivera,Kingston-cox@gmail.com
57bf3e02-7115-11e9-a923-1681be663d3e,Adrian,Gomez,Kingston-Parker@gmail.com
57bf4028-7115-11e9-a923-1681be663d3e,Angelina,Gray,Kingston-Sanders@gmail.com
57bf41d6-7115-11e9-a923-1681be663d3e,Adrian,Turner,Bethan-cox@gmail.com
57bf4320-7115-11e9-a923-1681be663d3e,Daniela,Mitchell,Bethan-Ross@gmail.com
57bf4456-7115-11e9-a923-1681be663d3e,Daniela,Howard,Ruth-Morris@gmail.com
57bf4582-7115-11e9-a923-1681be663d3e,Angelina,Turner,Kingston-Campbell@gmail.com
57bf46ae-7115-11e9-a923-1681be663d3e,Leonidas,Rivera,Lana-Howard@gmail.com
57bf49ec-7115-11e9-a923-1681be663d3e,Leonidas,Stewart,Kingston-Carter@gmail.com
57bf4b36-7115-11e9-a923-1681be663d3e,Adrian,Campbell,Bethan-Edward@gmail.com
57bf4c6c-7115-11e9-a923-1681be663d3e,Adrian,Long,Ruth-Foster@gmail.com
57bf4d8e-7115-11e9-a923-1681be663d3e,Daniela,Norakes,Kingston-Campbell@gmail.com
57bf4f0a-7115-11e9-a923-1681be663d3e,Adrian,Murphy,Angelina-Flores@gmail.com
57bf5054-7115-11e9-a923-1681be663d3e,Adrian,Diaz,Ruth-Stewart@gmail.com
57bf5478-7115-11e9-a923-1681be663d3e,Adrian,Richardson,Ruth-Cooper@gmail.com
57bf57f2-7115-11e9-a923-1681be663d3e,Daniela,Reed,Kingston-Torres@gmail.com
57bf59f0-7115-11e9-a923-1681be663d3e,Adrian,Foster,Ruth-Price@gmail.com
57bf5b3a-7115-11e9-a923-1681be663d3e,Adrian,Morris,Kingston-Morris@gmail.com
57bf5c70-7115-11e9-a923-1681be663d3e,Angelina,Gomez,Kingston-Cooper@gmail.com
57bf5da6-7115-11e9-a923-1681be663d3e,Leonidas,Bell,Angelina-Cruz@gmail.com
57bf5edc-7115-11e9-a923-1681be663d3e,Daniela,Wood,Kingston-Rivera@gmail.com
57bf61e8-7115-11e9-a923-1681be663d3e,Adrian,Gray,Ruth-Rivera@gmail.com
57bf6332-7115-11e9-a923-1681be663d3e,Adrian,Turner,Lana-Phillips@gmail.com
57bf6468-7115-11e9-a923-1681be663d3e,Angelina,Rivera,Angelina-Long@gmail.com
57bf6594-7115-11e9-a923-1681be663d3e,Daniela,Foster,Bethan-Gomez@gmail.com
57bf66ca-7115-11e9-a923-1681be663d3e,Angelina,cox,Angelina-Evans@gmail.com
57bf6800-7115-11e9-a923-1681be663d3e,Adrian,Baily,Kingston-Long@gmail.com
57bf6b48-7115-11e9-a923-1681be663d3e,Angelina,Kelly,Ally-Campbell@gmail.com
57bf6cb0-7115-11e9-a923-1681be663d3e,Adrian,Carter,Ruth-Sanders@gmail.com
57bf6df0-7115-11e9-a923-1681be663d3e,Angelina,James,Angelina-Reed@gmail.com
57bf6f26-7115-11e9-a923-1681be663d3e,Adrian,Hughes,Kingston-cox@gmail.com
57bf7052-7115-11e9-a923-1681be663d3e,Lana,Brooks,Bethan-Baily@gmail.com
57bf717e-7115-11e9-a923-1681be663d3e,Daniela,James,Kingston-Gomez@gmail.com
57bf72aa-7115-11e9-a923-1681be663d3e,Angelina,Rogers,Kingston-Gray@gmail.com
57bf7624-7115-11e9-a923-1681be663d3e,Angelina,Cruz,Ruth-Evans@gmail.com
57bf775a-7115-11e9-a923-1681be663d3e,Angelina,Watson,Ruth-Reed@gmail.com
57bf807e-7115-11e9-a923-1681be663d3e,Lana,Flores,Angelina-Flores@gmail.com
57bf8218-7115-11e9-a923-1681be663d3e,Adrian,Sanders,Ruth-Reyes@gmail.com
57bf8358-7115-11e9-a923-1681be663d3e,Daniela,Carter,Kingston-Ross@gmail.com
57bf8484-7115-11e9-a923-1681be663d3e,Adrian,Foster,Kingston-Rivera@gmail.com
57bf8790-7115-11e9-a923-1681be663d3e,Angelina,Myers,Kingston-Gray@gmail.com
57bf88e4-7115-11e9-a923-1681be663d3e,Daniela,Diaz,Kingston-Myers@gmail.com
57bf8a10-7115-11e9-a923-1681be663d3e,Adrian,Cruz,Bethan-Rivera@gmail.com
57bf8b3c-7115-11e9-a923-1681be663d3e,Adrian,Cooper,Angelina-Roberts@gmail.com
57bf8c68-7115-11e9-a923-1681be663d3e,Angelina,Cruz,Kingston-Carter@gmail.com
57bf8d94-7115-11e9-a923-1681be663d3e,Adrian,Diaz,Angelina-Foster@gmail.com
57bf8ee8-7115-11e9-a923-1681be663d3e,Adrian,Long,Kingston-Cooper@gmail.com
57bf9366-7115-11e9-a923-1681be663d3e,Angelina,Watson,Kingston-Reed@gmail.com
57bf94ce-7115-11e9-a923-1681be663d3e,Angelina,Mitchell,Kingston-Carter@gmail.com
57bf96e0-7115-11e9-a923-1681be663d3e,Lana,cox,Bethan-Reyes@gmail.com
57bf980c-7115-11e9-a923-1681be663d3e,Angelina,Wood,Bethan-Diaz@gmail.com
57bf9938-7115-11e9-a923-1681be663d3e,Adrian,Reyes,Kingston-Richardson@gmail.com
57bf9a64-7115-11e9-a923-1681be663d3e,Daniela,Morgan,Bethan-Parker@gmail.com
57bf9ba4-7115-11e9-a923-1681be663d3e,Leonidas,Peterson,Kingston-Norakes@gmail.com
57bf9eb0-7115-11e9-a923-1681be663d3e,Daniela,Myers,Angelina-Diaz@gmail.com
57bfa004-7115-11e9-a923-1681be663d3e,Angelina,Bennett,Ruth-Phillips@gmail.com
57bfa130-7115-11e9-a923-1681be663d3e,Leonidas,Norakes,Kingston-Sanders@gmail.com
57bfa25c-7115-11e9-a923-1681be663d3e,Adrian,Reed,Bethan-Norakes@gmail.com
57bfa388-7115-11e9-a923-1681be663d3e,Angelina,Cruz,Kingston-Roberts@gmail.com
57bfa4d2-7115-11e9-a923-1681be663d3e,Adrian,Reed,Angelina-Long@gmail.com
57bfa81a-7115-11e9-a923-1681be663d3e,Daniela,Gomez,Angelina-Rivera@gmail.com
57bfa96e-7115-11e9-a923-1681be663d3e,Daniela,Stewart,Kingston-Norakes@gmail.com
57bfaa9a-7115-11e9-a923-1681be663d3e,Daniela,Roberts,Kingston-Hughes@gmail.com
57bfabc6-7115-11e9-a923-1681be663d3e,Adrian,Gomez,Bethan-Bell@gmail.com
57bfadba-7115-11e9-a923-1681be663d3e,Adrian,Morris,Kingston-Hughes@gmail.com
57bfaf04-7115-11e9-a923-1681be663d3e,Adrian,Foster,Kingston-Campbell@gmail.com
57bfb04e-7115-11e9-a923-1681be663d3e,Daniela,Turner,Kingston-Howard@gmail.com
57bfb378-7115-11e9-a923-1681be663d3e,Leonidas,Reed,Angelina-Collins@gmail.com
57bfb4cc-7115-11e9-a923-1681be663d3e,Angelina,Ross,Angelina-Reed@gmail.com
57bfb602-7115-11e9-a923-1681be663d3e,Daniela,Rivera,Angelina-Campbell@gmail.com
57bfb792-7115-11e9-a923-1681be663d3e,Leonidas,Foster,Kingston-Long@gmail.com
57bfb8dc-7115-11e9-a923-1681be663d3e,Angelina,Cooper,Ruth-Reed@gmail.com
57bfba26-7115-11e9-a923-1681be663d3e,Adrian,Kelly,Kingston-Baily@gmail.com
57bfbb5c-7115-11e9-a923-1681be663d3e,Angelina,Murphy,Kingston-Edward@gmail.com
57bfbe9a-7115-11e9-a923-1681be663d3e,Adrian,Torres,Ruth-Hughes@gmail.com
57bfbfe4-7115-11e9-a923-1681be663d3e,Angelina,James,Bethan-Richardson@gmail.com
57bfc11a-7115-11e9-a923-1681be663d3e,Daniela,ward,Angelina-Gray@gmail.com
57bfc3cc-7115-11e9-a923-1681be663d3e,Leonidas,Flores,Ruth-Gray@gmail.com
57bfc50c-7115-11e9-a923-1681be663d3e,Adrian,Myers,Angelina-Bell@gmail.com
57bfc638-7115-11e9-a923-1681be663d3e,Daniela,Murphy,Kingston-Parker@gmail.com
57bfc958-7115-11e9-a923-1681be663d3e,Daniela,Gray,Bethan-ward@gmail.com
57bfcab6-7115-11e9-a923-1681be663d3e,Adrian,Watson,Ruth-Flores@gmail.com
57bfcc00-7115-11e9-a923-1681be663d3e,Adrian,Kelly,Bethan-Torres@gmail.com
57bfcd2c-7115-11e9-a923-1681be663d3e,Daniela,Morgan,Bethan-Peterson@gmail.com
57bfce62-7115-11e9-a923-1681be663d3e,Lana,Norakes,Kingston-Norakes@gmail.com
57bfcf8e-7115-11e9-a923-1681be663d3e,Daniela,Bell,Kingston-Norakes@gmail.com
57bfd0ce-7115-11e9-a923-1681be663d3e,Daniela,Foster,Kingston-Bell@gmail.com
57bfd3ee-7115-11e9-a923-1681be663d3e,Adrian,Norakes,Kingston-Reed@gmail.com
57bfd542-7115-11e9-a923-1681be663d3e,Daniela,Long,Kingston-Phillips@gmail.com
57bfd678-7115-11e9-a923-1681be663d3e,Leonidas,Evans,Bethan-Richardson@gmail.com
57bfd7ae-7115-11e9-a923-1681be663d3e,Adrian,Roberts,Kingston-Long@gmail.com
57bfd8da-7115-11e9-a923-1681be663d3e,Daniela,Price,Kingston-Foster@gmail.com
57bfda06-7115-11e9-a923-1681be663d3e,Angelina,Reed,Kingston-Price@gmail.com
57bfdb3c-7115-11e9-a923-1681be663d3e,Daniela,Gray,Ruth-Richardson@gmail.com
57bfded4-7115-11e9-a923-1681be663d3e,Daniela,Campbell,Kingston-Hughes@gmail.com
57bfe032-7115-11e9-a923-1681be663d3e,Angelina,Edward,Kingston-Hughes@gmail.com
57bfe168-7115-11e9-a923-1681be663d3e,Daniela,Howard,Bethan-Collins@gmail.com
57bfe294-7115-11e9-a923-1681be663d3e,Adrian,Watson,Angelina-Howard@gmail.com
57bfe3c0-7115-11e9-a923-1681be663d3e,Daniela,Morris,Bethan-Campbell@gmail.com
57bfe4f6-7115-11e9-a923-1681be663d3e,Adrian,Rogers,Kingston-Reed@gmail.com
57bfe7ee-7115-11e9-a923-1681be663d3e,Leonidas,Bell,Angelina-Wood@gmail.com
57bfe94c-7115-11e9-a923-1681be663d3e,Adrian,Evans,Ruth-Myers@gmail.com
57bfea82-7115-11e9-a923-1681be663d3e,Daniela,Price,Bethan-Flores@gmail.com
57bfebae-7115-11e9-a923-1681be663d3e,Adrian,Richardson,Ruth-Edward@gmail.com
57bfecda-7115-11e9-a923-1681be663d3e,Daniela,Mitchell,Bethan-Brooks@gmail.com
57bfee10-7115-11e9-a923-1681be663d3e,Adrian,Edward,Angelina-Evans@gmail.com
57bff144-7115-11e9-a923-1681be663d3e,Angelina,Torres,Bethan-Collins@gmail.com
57bff2a2-7115-11e9-a923-1681be663d3e,Daniela,Collins,Bethan-Stewart@gmail.com
57bff3d8-7115-11e9-a923-1681be663d3e,Daniela,Gomez,Kingston-James@gmail.com
57bff50e-7115-11e9-a923-1681be663d3e,Adrian,Reed,Angelina-Edward@gmail.com
57bff644-7115-11e9-a923-1681be663d3e,Daniela,Bell,Kingston-Stewart@gmail.com
57bff77a-7115-11e9-a923-1681be663d3e,Adrian,Mitchell,Kingston-Evans@gmail.com
57bffab8-7115-11e9-a923-1681be663d3e,Angelina,Collins,Kingston-Sanders@gmail.com
57bffc0c-7115-11e9-a923-1681be663d3e,Adrian,Morris,Kingston-Collins@gmail.com
57bffd42-7115-11e9-a923-1681be663d3e,Daniela,Murphy,Kingston-Sanders@gmail.com
57bffe78-7115-11e9-a923-1681be663d3e,Angelina,Evans,Ruth-Howard@gmail.com
57bfffae-7115-11e9-a923-1681be663d3e,Angelina,ward,Ruth-Evans@gmail.com
57c000da-7115-11e9-a923-1681be663d3e,Adrian,Rivera,Ruth-Gomez@gmail.com
57c003dc-7115-11e9-a923-1681be663d3e,Leonidas,Torres,Bethan-Murphy@gmail.com
57c0059e-7115-11e9-a923-1681be663d3e,Adrian,Torres,Bethan-Morgan@gmail.com
57c006de-7115-11e9-a923-1681be663d3e,Daniela,Edward,Kingston-Price@gmail.com
57c0080a-7115-11e9-a923-1681be663d3e,Adrian,Sanders,Kingston-James@gmail.com
57c00940-7115-11e9-a923-1681be663d3e,Daniela,Baily,Bethan-Mitchell@gmail.com
57c00a76-7115-11e9-a923-1681be663d3e,Daniela,Stewart,Kingston-Turner@gmail.com
57c00d14-7115-11e9-a923-1681be663d3e,Daniela,Collins,Kingston-Cooper@gmail.com
57c01016-7115-11e9-a923-1681be663d3e,Daniela,Reyes,Bethan-Parker@gmail.com
57c01174-7115-11e9-a923-1681be663d3e,Angelina,Bennett,Angelina-Stewart@gmail.com
57c012aa-7115-11e9-a923-1681be663d3e,Angelina,Gray,Angelina-Norakes@gmail.com
57c013e0-7115-11e9-a923-1681be663d3e,Adrian,Morris,Bethan-Price@gmail.com
57c01516-7115-11e9-a923-1681be663d3e,Daniela,Kelly,Bethan-Watson@gmail.com
57c01642-7115-11e9-a923-1681be663d3e,Daniela,Price,Kingston-Foster@gmail.com
57c01886-7115-11e9-a923-1681be663d3e,Adrian,Rogers,Ruth-Ross@gmail.com
57c019c6-7115-11e9-a923-1681be663d3e,Adrian,Norakes,Bethan-Reed@gmail.com
57c01af2-7115-11e9-a923-1681be663d3e,Adrian,Flores,Kingston-Murphy@gmail.com
57c01c1e-7115-11e9-a923-1681be663d3e,Daniela,Gomez,Ruth-Evans@gmail.com
57c01d4a-7115-11e9-a923-1681be663d3e,Daniela,Rogers,Kingston-Watson@gmail.com
57c01e8a-7115-11e9-a923-1681be663d3e,Daniela,Torres,Angelina-Phillips@gmail.com
57c020ba-7115-11e9-a923-1681be663d3e,Daniela,Wood,Ruth-Rogers@gmail.com
57c0220e-7115-11e9-a923-1681be663d3e,Daniela,Bennett,Kingston-Cooper@gmail.com
57c02344-7115-11e9-a923-1681be663d3e,Adrian,ward,Kingston-Rogers@gmail.com
57c0247a-7115-11e9-a923-1681be663d3e,Daniela,Rogers,Kingston-James@gmail.com
57c0268c-7115-11e9-a923-1681be663d3e,Angelina,Watson,Bethan-Myers@gmail.com
57c027cc-7115-11e9-a923-1681be663d3e,Adrian,Kelly,Ruth-Cruz@gmail.com
57c0290c-7115-11e9-a923-1681be663d3e,Angelina,Peterson,Bethan-Foster@gmail.com
57c02b5a-7115-11e9-a923-1681be663d3e,Daniela,Wood,Angelina-Peterson@gmail.com
57c02d80-7115-11e9-a923-1681be663d3e,Adrian,Roberts,Bethan-Edward@gmail.com
57c02efc-7115-11e9-a923-1681be663d3e,Angelina,Baily,Ruth-Peterson@gmail.com
57c0305a-7115-11e9-a923-1681be663d3e,Angelina,James,Ruth-Brooks@gmail.com
57c0319a-7115-11e9-a923-1681be663d3e,Daniela,Cook,Bethan-Turner@gmail.com
57c032c6-7115-11e9-a923-1681be663d3e,Adrian,Torres,Bethan-Bell@gmail.com
57c035dc-7115-11e9-a923-1681be663d3e,Angelina,Campbell,Bethan-Long@gmail.com
57c03730-7115-11e9-a923-1681be663d3e,Daniela,Cooper,Kingston-Morgan@gmail.com
57c03866-7115-11e9-a923-1681be663d3e,Daniela,Price,Angelina-Norakes@gmail.com
57c03992-7115-11e9-a923-1681be663d3e,Angelina,Hughes,Ruth-Edward@gmail.com
57c03abe-7115-11e9-a923-1681be663d3e,Daniela,Morris,Kingston-Gomez@gmail.com
57c03bea-7115-11e9-a923-1681be663d3e,Adrian,Cook,Ruth-Mitchell@gmail.com
57c03d20-7115-11e9-a923-1681be663d3e,Daniela,Rivera,Ruth-Morgan@gmail.com
57c040f4-7115-11e9-a923-1681be663d3e,Adrian,Baily,Bethan-Carter@gmail.com
57c0425c-7115-11e9-a923-1681be663d3e,Adrian,Cook,Angelina-Howard@gmail.com
57c04450-7115-11e9-a923-1681be663d3e,Adrian,Hughes,Angelina-Torres@gmail.com
57c045b8-7115-11e9-a923-1681be663d3e,Adrian,Murphy,Ruth-Baily@gmail.com
57c046f8-7115-11e9-a923-1681be663d3e,Daniela,Flores,Ruth-Hughes@gmail.com
57c04a18-7115-11e9-a923-1681be663d3e,Daniela,Sanders,Ruth-Rogers@gmail.com
57c04b6c-7115-11e9-a923-1681be663d3e,Angelina,Mitchell,Kingston-Bell@gmail.com
57c04ca2-7115-11e9-a923-1681be663d3e,Adrian,Ross,Kingston-Price@gmail.com
57c04dce-7115-11e9-a923-1681be663d3e,Daniela,Collins,Angelina-Cruz@gmail.com
57c04efa-7115-11e9-a923-1681be663d3e,Daniela,Gomez,Bethan-Flores@gmail.com
57c05026-7115-11e9-a923-1681be663d3e,Daniela,Stewart,Bethan-Murphy@gmail.com
57c0536e-7115-11e9-a923-1681be663d3e,Daniela,Long,Kingston-Cook@gmail.com
57c054cc-7115-11e9-a923-1681be663d3e,Daniela,Rivera,Ruth-Rivera@gmail.com
57c05602-7115-11e9-a923-1681be663d3e,Daniela,Foster,Kingston-James@gmail.com
57c0572e-7115-11e9-a923-1681be663d3e,Angelina,Baily,Ruth-Torres@gmail.com
57c0586e-7115-11e9-a923-1681be663d3e,Angelina,ward,Bethan-Cooper@gmail.com
57c0599a-7115-11e9-a923-1681be663d3e,Angelina,Rivera,Ruth-Turner@gmail.com
57c05c88-7115-11e9-a923-1681be663d3e,Daniela,Rogers,Angelina-Mitchell@gmail.com
57c05dd2-7115-11e9-a923-1681be663d3e,Angelina,Torres,Bethan-Gray@gmail.com
57c05f08-7115-11e9-a923-1681be663d3e,Daniela,Flores,Angelina-Price@gmail.com
57c06034-7115-11e9-a923-1681be663d3e,Adrian,Cruz,Angelina-Bell@gmail.com
57c06160-7115-11e9-a923-1681be663d3e,Adrian,Baily,Ruth-cox@gmail.com
57c06296-7115-11e9-a923-1681be663d3e,Adrian,Carter,Ruth-Wood@gmail.com
57c065b6-7115-11e9-a923-1681be663d3e,Adrian,Edward,Kingston-Bennett@gmail.com
57c06714-7115-11e9-a923-1681be663d3e,Daniela,Edward,Ruth-Foster@gmail.com
57c07448-7115-11e9-a923-1681be663d3e,Adrian,Baily,Kingston-Rivera@gmail.com
57c075d8-7115-11e9-a923-1681be663d3e,Daniela,Mitchell,Bethan-Mitchell@gmail.com
57c07718-7115-11e9-a923-1681be663d3e,Daniela,cox,Kingston-Richardson@gmail.com
57c07858-7115-11e9-a923-1681be663d3e,Adrian,ward,Ruth-Myers@gmail.com
57c0798e-7115-11e9-a923-1681be663d3e,Adrian,Gomez,Bethan-Reyes@gmail.com
57c07d44-7115-11e9-a923-1681be663d3e,Daniela,Bell,Bethan-Turner@gmail.com
57c07e84-7115-11e9-a923-1681be663d3e,Angelina,Phillips,Kingston-cox@gmail.com
57c07fb0-7115-11e9-a923-1681be663d3e,Adrian,Kelly,Angelina-Parker@gmail.com
57c080e6-7115-11e9-a923-1681be663d3e,Daniela,Brooks,Kingston-Parker@gmail.com
57c082c6-7115-11e9-a923-1681be663d3e,Daniela,Brooks,Bethan-Mitchell@gmail.com
57c08442-7115-11e9-a923-1681be663d3e,Adrian,Cooper,Bethan-Flores@gmail.com
57c08758-7115-11e9-a923-1681be663d3e,Daniela,Diaz,Ruth-Kelly@gmail.com
57c08898-7115-11e9-a923-1681be663d3e,Adrian,Ross,Ruth-Brooks@gmail.com
57c089c4-7115-11e9-a923-1681be663d3e,Daniela,Carter,Kingston-Roberts@gmail.com
57c08af0-7115-11e9-a923-1681be663d3e,Daniela,Collins,Angelina-Myers@gmail.com
57c08c1c-7115-11e9-a923-1681be663d3e,Adrian,Cruz,Ruth-Watson@gmail.com
57c08d5c-7115-11e9-a923-1681be663d3e,Daniela,Stewart,Angelina-Collins@gmail.com
57c090f4-7115-11e9-a923-1681be663d3e,Adrian,Flores,Angelina-Diaz@gmail.com
57c09248-7115-11e9-a923-1681be663d3e,Daniela,Carter,Angelina-Gomez@gmail.com
57c09374-7115-11e9-a923-1681be663d3e,Adrian,Turner,Ruth-Cooper@gmail.com
57c09496-7115-11e9-a923-1681be663d3e,Adrian,Rogers,Bethan-Edward@gmail.com
57c095c2-7115-11e9-a923-1681be663d3e,Adrian,Phillips,Ruth-Flores@gmail.com
57c096ee-7115-11e9-a923-1681be663d3e,Daniela,Parker,Ruth-James@gmail.com
57c09b30-7115-11e9-a923-1681be663d3e,Angelina,Gomez,Kingston-Richardson@gmail.com
57c09e96-7115-11e9-a923-1681be663d3e,Angelina,Brooks,Ruth-Baily@gmail.com
57c09fe0-7115-11e9-a923-1681be663d3e,Adrian,Edward,Angelina-Carter@gmail.com
57c0a170-7115-11e9-a923-1681be663d3e,Daniela,Parker,Kingston-Reyes@gmail.com
57c0a2b0-7115-11e9-a923-1681be663d3e,Daniela,Howard,Angelina-Diaz@gmail.com
57c0a3dc-7115-11e9-a923-1681be663d3e,Adrian,Price,Kingston-Torres@gmail.com
57c0a526-7115-11e9-a923-1681be663d3e,Angelina,Cook,Ruth-Stewart@gmail.com
57c0a814-7115-11e9-a923-1681be663d3e,Adrian,Morgan,Bethan-Richardson@gmail.com
57c0a968-7115-11e9-a923-1681be663d3e,Daniela,Reyes,Ruth-Parker@gmail.com
57c0aaa8-7115-11e9-a923-1681be663d3e,Angelina,Ross,Ruth-Hughes@gmail.com
57c0abde-7115-11e9-a923-1681be663d3e,Daniela,Roberts,Ruth-Stewart@gmail.com
57c0ad0a-7115-11e9-a923-1681be663d3e,Daniela,Torres,Ruth-Myers@gmail.com
57c0ae40-7115-11e9-a923-1681be663d3e,Daniela,Myers,Ruth-Bennett@gmail.com
57c0b200-7115-11e9-a923-1681be663d3e,Adrian,Cook,Bethan-Reed@gmail.com
57c0b39a-7115-11e9-a923-1681be663d3e,Angelina,Peterson,Ruth-Morgan@gmail.com
57c0b4d0-7115-11e9-a923-1681be663d3e,Adrian,Kelly,Kingston-Parker@gmail.com
57c0b606-7115-11e9-a923-1681be663d3e,Angelina,Kelly,Ruth-Myers@gmail.com
57c0b732-7115-11e9-a923-1681be663d3e,Daniela,Gray,Ruth-Turner@gmail.com
57c0b85e-7115-11e9-a923-1681be663d3e,Adrian,Kelly,Ruth-Parker@gmail.com
57c0ba2a-7115-11e9-a923-1681be663d3e,Adrian,Baily,Ruth-Watson@gmail.com
57c0bd68-7115-11e9-a923-1681be663d3e,Daniela,Ross,Kingston-Turner@gmail.com
57c0bebc-7115-11e9-a923-1681be663d3e,Adrian,Carter,Ruth-Murphy@gmail.com
57c0bff2-7115-11e9-a923-1681be663d3e,Daniela,Cooper,Angelina-Cruz@gmail.com
57c0c11e-7115-11e9-a923-1681be663d3e,Daniela,Baily,Bethan-Mitchell@gmail.com
57c0c24a-7115-11e9-a923-1681be663d3e,Daniela,Collins,Bethan-Reyes@gmail.com
57c0c376-7115-11e9-a923-1681be663d3e,Adrian,Brooks,Kingston-Ross@gmail.com
57c0c4ac-7115-11e9-a923-1681be663d3e,Daniela,Gomez,Kingston-Stewart@gmail.com
57c0c95c-7115-11e9-a923-1681be663d3e,Daniela,Diaz,Angelina-Torres@gmail.com
57c0cab0-7115-11e9-a923-1681be663d3e,Adrian,Rogers,Bethan-Morris@gmail.com
57c0cc04-7115-11e9-a923-1681be663d3e,Adrian,Myers,Ruth-James@gmail.com
57c0cd3a-7115-11e9-a923-1681be663d3e,Angelina,Evans,Kingston-Richardson@gmail.com
57c0ce70-7115-11e9-a923-1681be663d3e,Angelina,Carter,Kingston-Price@gmail.com
57c0cfa6-7115-11e9-a923-1681be663d3e,Adrian,Watson,Angelina-Torres@gmail.com
57c0d438-7115-11e9-a923-1681be663d3e,Angelina,Kelly,Bethan-Morgan@gmail.com
57c0d5c8-7115-11e9-a923-1681be663d3e,Daniela,Price,Angelina-Peterson@gmail.com
57c0d6fe-7115-11e9-a923-1681be663d3e,Daniela,Price,Ruth-Howard@gmail.com
57c0d834-7115-11e9-a923-1681be663d3e,Angelina,Torres,Kingston-Bell@gmail.com
57c0d96a-7115-11e9-a923-1681be663d3e,Daniela,Edward,Kingston-ward@gmail.com
57c0da96-7115-11e9-a923-1681be663d3e,Daniela,Flores,Bethan-Watson@gmail.com
57c0dbb8-7115-11e9-a923-1681be663d3e,Adrian,Diaz,Ruth-Edward@gmail.com